-- phpMyAdmin SQL Dump
-- version 5.2.1
-- https://www.phpmyadmin.net/
--
-- Host: 127.0.0.1
-- Waktu pembuatan: 31 Okt 2023 pada 08.13
-- Versi server: 10.4.28-MariaDB
-- Versi PHP: 8.0.28

SET SQL_MODE = "NO_AUTO_VALUE_ON_ZERO";
START TRANSACTION;
SET time_zone = "+00:00";


/*!40101 SET @OLD_CHARACTER_SET_CLIENT=@@CHARACTER_SET_CLIENT */;
/*!40101 SET @OLD_CHARACTER_SET_RESULTS=@@CHARACTER_SET_RESULTS */;
/*!40101 SET @OLD_COLLATION_CONNECTION=@@COLLATION_CONNECTION */;
/*!40101 SET NAMES utf8mb4 */;

--
-- Database: `stok_barang`
--

-- --------------------------------------------------------

--
-- Struktur dari tabel `ci_sessions`
--

CREATE TABLE `ci_sessions` (
  `id` varchar(128) NOT NULL,
  `ip_address` varchar(45) NOT NULL,
  `timestamp` int(10) UNSIGNED NOT NULL DEFAULT 0,
  `data` blob NOT NULL
) ENGINE=InnoDB DEFAULT CHARSET=utf8mb4 COLLATE=utf8mb4_general_ci;

--
-- Dumping data untuk tabel `ci_sessions`
--

INSERT INTO `ci_sessions` (`id`, `ip_address`, `timestamp`, `data`) VALUES
('t7p30tiphq7kj29stresaesqnepgcahi', '::1', 1693620962, 0x5f5f63695f6c6173745f726567656e65726174657c693a313639333632303936323b5573657249447c733a313a2231223b557365727c733a31333a2241646d696e6973747261746f72223b6c6576656c7c733a353a2261646d696e223b666f746f7c733a31383a22666f746f313539363031373834372e706e67223b),
('lsql489qvjr7mi8r76f54g038p3oimtj', '::1', 1693621363, 0x5f5f63695f6c6173745f726567656e65726174657c693a313639333632313336333b5573657249447c733a313a2231223b557365727c733a31333a2241646d696e6973747261746f72223b6c6576656c7c733a353a2261646d696e223b666f746f7c733a31383a22666f746f313539363031373834372e706e67223b737563636573737c733a33383a22446174612070656e6a75616c616e20626572686173696c20646974616d6261686b616e2e2e2e223b5f5f63695f766172737c613a313a7b733a373a2273756363657373223b733a333a226f6c64223b7d),
('qjefsgd0s95qv2ovi37a4rmjm6mhq4hd', '::1', 1693621766, 0x5f5f63695f6c6173745f726567656e65726174657c693a313639333632313736363b5573657249447c733a313a2231223b557365727c733a31333a2241646d696e6973747261746f72223b6c6576656c7c733a353a2261646d696e223b666f746f7c733a31383a22666f746f313539363031373834372e706e67223b737563636573737c733a33383a22446174612070656e6a75616c616e20626572686173696c20646974616d6261686b616e2e2e2e223b5f5f63695f766172737c613a313a7b733a373a2273756363657373223b733a333a226f6c64223b7d),
('0cd4isb82s9dcpqb0p2uj0mghkrgeodd', '::1', 1693622658, 0x5f5f63695f6c6173745f726567656e65726174657c693a313639333632323635383b5573657249447c733a313a2231223b557365727c733a31333a2241646d696e6973747261746f72223b6c6576656c7c733a353a2261646d696e223b666f746f7c733a31383a22666f746f313539363031373834372e706e67223b737563636573737c733a33383a22446174612070656e6a75616c616e20626572686173696c20646974616d6261686b616e2e2e2e223b5f5f63695f766172737c613a313a7b733a373a2273756363657373223b733a333a226f6c64223b7d),
('edh36aqcmij706tf96g20e77j3bt1g90', '::1', 1693623374, 0x5f5f63695f6c6173745f726567656e65726174657c693a313639333632333337343b5573657249447c733a313a2231223b557365727c733a31333a2241646d696e6973747261746f72223b6c6576656c7c733a353a2261646d696e223b666f746f7c733a31383a22666f746f313539363031373834372e706e67223b737563636573737c733a33383a22446174612070656e6a75616c616e20626572686173696c20646974616d6261686b616e2e2e2e223b5f5f63695f766172737c613a313a7b733a373a2273756363657373223b733a333a226f6c64223b7d),
('pib1laag6j3ccir46vc61dffgm1r88e1', '::1', 1693624709, 0x5f5f63695f6c6173745f726567656e65726174657c693a313639333632343730393b5573657249447c733a313a2231223b557365727c733a31333a2241646d696e6973747261746f72223b6c6576656c7c733a353a2261646d696e223b666f746f7c733a31383a22666f746f313539363031373834372e706e67223b737563636573737c733a33383a22446174612070656e6a75616c616e20626572686173696c20646974616d6261686b616e2e2e2e223b5f5f63695f766172737c613a313a7b733a373a2273756363657373223b733a333a226f6c64223b7d636172745f636f6e74656e74737c613a333a7b733a31303a22636172745f746f74616c223b643a303b733a31313a22746f74616c5f6974656d73223b643a323b733a33323a226239393330316563353035366366323430343265336163626566646235633164223b613a363a7b733a323a226964223b733a353a22524c303031223b733a333a22717479223b643a323b733a353a227072696365223b643a303b733a343a226e616d65223b733a363a2253455420524c223b733a353a22726f776964223b733a33323a226239393330316563353035366366323430343265336163626566646235633164223b733a383a22737562746f74616c223b643a303b7d7d),
('7cvo9pvgomfsl9ubg6bps9e0iardr8nk', '::1', 1693625107, 0x5f5f63695f6c6173745f726567656e65726174657c693a313639333632353130373b5573657249447c733a313a2231223b557365727c733a31333a2241646d696e6973747261746f72223b6c6576656c7c733a353a2261646d696e223b666f746f7c733a31383a22666f746f313539363031373834372e706e67223b737563636573737c733a33383a22446174612070656e6a75616c616e20626572686173696c20646974616d6261686b616e2e2e2e223b5f5f63695f766172737c613a313a7b733a373a2273756363657373223b733a333a226f6c64223b7d),
('nbmn1fun86ds1a4o6svtp9ee4l05mene', '::1', 1693625628, 0x5f5f63695f6c6173745f726567656e65726174657c693a313639333632353632383b5573657249447c733a313a2231223b557365727c733a31333a2241646d696e6973747261746f72223b6c6576656c7c733a353a2261646d696e223b666f746f7c733a31383a22666f746f313539363031373834372e706e67223b737563636573737c733a33383a22446174612070656e6a75616c616e20626572686173696c20646974616d6261686b616e2e2e2e223b5f5f63695f766172737c613a313a7b733a373a2273756363657373223b733a333a226f6c64223b7d),
('erodv0u6doer0d1uv02sq1hfflmh5a5k', '::1', 1693626352, 0x5f5f63695f6c6173745f726567656e65726174657c693a313639333632363335323b5573657249447c733a313a2231223b557365727c733a31333a2241646d696e6973747261746f72223b6c6576656c7c733a353a2261646d696e223b666f746f7c733a31383a22666f746f313539363031373834372e706e67223b737563636573737c733a33383a22446174612070656e6a75616c616e20626572686173696c20646974616d6261686b616e2e2e2e223b5f5f63695f766172737c613a313a7b733a373a2273756363657373223b733a333a226f6c64223b7d),
('rn90geqea0507co0b8kjivlj0okd4tpf', '::1', 1693627499, 0x5f5f63695f6c6173745f726567656e65726174657c693a313639333632373439393b5573657249447c733a313a2231223b557365727c733a31333a2241646d696e6973747261746f72223b6c6576656c7c733a353a2261646d696e223b666f746f7c733a31383a22666f746f313539363031373834372e706e67223b737563636573737c733a33383a22446174612070656e6a75616c616e20626572686173696c20646974616d6261686b616e2e2e2e223b5f5f63695f766172737c613a313a7b733a373a2273756363657373223b733a333a226f6c64223b7d),
('pbouantmqbun0kupp1plf6527k2a40te', '::1', 1693627817, 0x5f5f63695f6c6173745f726567656e65726174657c693a313639333632373831373b5573657249447c733a313a2231223b557365727c733a31333a2241646d696e6973747261746f72223b6c6576656c7c733a353a2261646d696e223b666f746f7c733a31383a22666f746f313539363031373834372e706e67223b737563636573737c733a33383a22446174612070656e6a75616c616e20626572686173696c20646974616d6261686b616e2e2e2e223b5f5f63695f766172737c613a313a7b733a373a2273756363657373223b733a333a226f6c64223b7d),
('iomvj832ptekepi49phoq67ejar1lkmk', '::1', 1693629063, 0x5f5f63695f6c6173745f726567656e65726174657c693a313639333632393036333b5573657249447c733a313a2231223b557365727c733a31333a2241646d696e6973747261746f72223b6c6576656c7c733a353a2261646d696e223b666f746f7c733a31383a22666f746f313539363031373834372e706e67223b737563636573737c733a33383a22446174612070656e6a75616c616e20626572686173696c20646974616d6261686b616e2e2e2e223b5f5f63695f766172737c613a313a7b733a373a2273756363657373223b733a333a226f6c64223b7d),
('nlvssf8t57am5jtcnhpas368vnp2ms2p', '::1', 1693629377, 0x5f5f63695f6c6173745f726567656e65726174657c693a313639333632393337373b5573657249447c733a313a2231223b557365727c733a31333a2241646d696e6973747261746f72223b6c6576656c7c733a353a2261646d696e223b666f746f7c733a31383a22666f746f313539363031373834372e706e67223b737563636573737c733a33383a22446174612070656e6a75616c616e20626572686173696c20646974616d6261686b616e2e2e2e223b5f5f63695f766172737c613a313a7b733a373a2273756363657373223b733a333a226f6c64223b7d),
('clhuu7u4s0qb0oh4c604qdqm7athv7i2', '::1', 1693629377, 0x5f5f63695f6c6173745f726567656e65726174657c693a313639333632393337373b5573657249447c733a313a2231223b557365727c733a31333a2241646d696e6973747261746f72223b6c6576656c7c733a353a2261646d696e223b666f746f7c733a31383a22666f746f313539363031373834372e706e67223b737563636573737c733a33383a22446174612070656e6a75616c616e20626572686173696c20646974616d6261686b616e2e2e2e223b5f5f63695f766172737c613a313a7b733a373a2273756363657373223b733a333a226f6c64223b7d),
('02kic94d19bh7ppm6h9quh6afq3fnns3', '::1', 1693661343, 0x5f5f63695f6c6173745f726567656e65726174657c693a313639333636313334333b5573657249447c733a313a2231223b557365727c733a31333a2241646d696e6973747261746f72223b6c6576656c7c733a353a2261646d696e223b666f746f7c733a31383a22666f746f313539363031373834372e706e67223b),
('305b662t7b732r66d9gr9ggguvutbnit', '::1', 1693661765, 0x5f5f63695f6c6173745f726567656e65726174657c693a313639333636313736353b5573657249447c733a313a2231223b557365727c733a31333a2241646d696e6973747261746f72223b6c6576656c7c733a353a2261646d696e223b666f746f7c733a31383a22666f746f313539363031373834372e706e67223b737563636573737c733a33383a22446174612070656e6a75616c616e20626572686173696c20646974616d6261686b616e2e2e2e223b5f5f63695f766172737c613a313a7b733a373a2273756363657373223b733a333a226f6c64223b7d),
('a9vvmqq74ar1mt6g4un1059t63q8v4kt', '::1', 1693662103, 0x5f5f63695f6c6173745f726567656e65726174657c693a313639333636323130333b5573657249447c733a313a2231223b557365727c733a31333a2241646d696e6973747261746f72223b6c6576656c7c733a353a2261646d696e223b666f746f7c733a31383a22666f746f313539363031373834372e706e67223b737563636573737c733a33383a22446174612070656e6a75616c616e20626572686173696c20646974616d6261686b616e2e2e2e223b5f5f63695f766172737c613a313a7b733a373a2273756363657373223b733a333a226f6c64223b7d),
('fm0vnb982dbckbm20o6804utfqncobrf', '::1', 1693662784, 0x5f5f63695f6c6173745f726567656e65726174657c693a313639333636323738343b5573657249447c733a313a2231223b557365727c733a31333a2241646d696e6973747261746f72223b6c6576656c7c733a353a2261646d696e223b666f746f7c733a31383a22666f746f313539363031373834372e706e67223b737563636573737c733a33383a22446174612070656e6a75616c616e20626572686173696c20646974616d6261686b616e2e2e2e223b5f5f63695f766172737c613a313a7b733a373a2273756363657373223b733a333a226f6c64223b7d),
('1josov21jbfpp99dbsbci52su8k3egmq', '::1', 1693663480, 0x5f5f63695f6c6173745f726567656e65726174657c693a313639333636333438303b5573657249447c733a313a2231223b557365727c733a31333a2241646d696e6973747261746f72223b6c6576656c7c733a353a2261646d696e223b666f746f7c733a31383a22666f746f313539363031373834372e706e67223b737563636573737c733a33383a22446174612070656e6a75616c616e20626572686173696c20646974616d6261686b616e2e2e2e223b5f5f63695f766172737c613a313a7b733a373a2273756363657373223b733a333a226f6c64223b7d),
('i6rbitsehosum87f2nfkg0r7nv7bjl9g', '::1', 1693665241, 0x5f5f63695f6c6173745f726567656e65726174657c693a313639333636353234313b5573657249447c733a313a2231223b557365727c733a31333a2241646d696e6973747261746f72223b6c6576656c7c733a353a2261646d696e223b666f746f7c733a31383a22666f746f313539363031373834372e706e67223b737563636573737c733a33383a22446174612070656e6a75616c616e20626572686173696c20646974616d6261686b616e2e2e2e223b5f5f63695f766172737c613a313a7b733a373a2273756363657373223b733a333a226f6c64223b7d),
('qoe8j4sd8dv9aq5cb6k3pvf3le8eold0', '::1', 1693665242, 0x5f5f63695f6c6173745f726567656e65726174657c693a313639333636353234313b5573657249447c733a313a2231223b557365727c733a31333a2241646d696e6973747261746f72223b6c6576656c7c733a353a2261646d696e223b666f746f7c733a31383a22666f746f313539363031373834372e706e67223b737563636573737c733a33383a22446174612070656e6a75616c616e20626572686173696c20646974616d6261686b616e2e2e2e223b5f5f63695f766172737c613a313a7b733a373a2273756363657373223b733a333a226f6c64223b7d),
('7osh5m3bnt3lj220lvk43dgtfdrgr14s', '::1', 1693672350, 0x5f5f63695f6c6173745f726567656e65726174657c693a313639333637323335303b5573657249447c733a313a2231223b557365727c733a31333a2241646d696e6973747261746f72223b6c6576656c7c733a353a2261646d696e223b666f746f7c733a31383a22666f746f313539363031373834372e706e67223b737563636573737c733a33383a22446174612070656e6a75616c616e20626572686173696c20646974616d6261686b616e2e2e2e223b5f5f63695f766172737c613a313a7b733a373a2273756363657373223b733a333a226f6c64223b7d),
('e3kdh03qrv7u90kvei0tqjp5npe2554s', '::1', 1693672665, 0x5f5f63695f6c6173745f726567656e65726174657c693a313639333637323636353b5573657249447c733a313a2231223b557365727c733a31333a2241646d696e6973747261746f72223b6c6576656c7c733a353a2261646d696e223b666f746f7c733a31383a22666f746f313539363031373834372e706e67223b737563636573737c733a33383a22446174612070656e6a75616c616e20626572686173696c20646974616d6261686b616e2e2e2e223b5f5f63695f766172737c613a313a7b733a373a2273756363657373223b733a333a226f6c64223b7d),
('uajamfme6du4vk9lqp669195fsb8a7bo', '::1', 1693672976, 0x5f5f63695f6c6173745f726567656e65726174657c693a313639333637323937363b5573657249447c733a313a2231223b557365727c733a31333a2241646d696e6973747261746f72223b6c6576656c7c733a353a2261646d696e223b666f746f7c733a31383a22666f746f313539363031373834372e706e67223b737563636573737c733a33383a22446174612070656e6a75616c616e20626572686173696c20646974616d6261686b616e2e2e2e223b5f5f63695f766172737c613a313a7b733a373a2273756363657373223b733a333a226f6c64223b7d),
('i4t0okl9r82groejbfvk9fhdjjk5d4jv', '::1', 1693673290, 0x5f5f63695f6c6173745f726567656e65726174657c693a313639333637333239303b5573657249447c733a313a2231223b557365727c733a31333a2241646d696e6973747261746f72223b6c6576656c7c733a353a2261646d696e223b666f746f7c733a31383a22666f746f313539363031373834372e706e67223b737563636573737c733a33383a22446174612070656e6a75616c616e20626572686173696c20646974616d6261686b616e2e2e2e223b5f5f63695f766172737c613a313a7b733a373a2273756363657373223b733a333a226f6c64223b7d),
('ml35gvis49474ueveba8tvakd26e2don', '::1', 1693673290, 0x5f5f63695f6c6173745f726567656e65726174657c693a313639333637333239303b5573657249447c733a313a2231223b557365727c733a31333a2241646d696e6973747261746f72223b6c6576656c7c733a353a2261646d696e223b666f746f7c733a31383a22666f746f313539363031373834372e706e67223b737563636573737c733a33383a22446174612070656e6a75616c616e20626572686173696c20646974616d6261686b616e2e2e2e223b5f5f63695f766172737c613a313a7b733a373a2273756363657373223b733a333a226f6c64223b7d),
('upbt8qatk07ktunjt2oisb55o0bb7ug6', '::1', 1693718838, 0x5f5f63695f6c6173745f726567656e65726174657c693a313639333731383833383b5573657249447c733a313a2231223b557365727c733a31333a2241646d696e6973747261746f72223b6c6576656c7c733a353a2261646d696e223b666f746f7c733a31383a22666f746f313539363031373834372e706e67223b),
('iee7s55met36prubit3ujth4cmvn9j01', '::1', 1693719228, 0x5f5f63695f6c6173745f726567656e65726174657c693a313639333731393232383b5573657249447c733a313a2231223b557365727c733a31333a2241646d696e6973747261746f72223b6c6576656c7c733a353a2261646d696e223b666f746f7c733a31383a22666f746f313539363031373834372e706e67223b737563636573737c733a33383a22446174612070656e6a75616c616e20626572686173696c20646974616d6261686b616e2e2e2e223b5f5f63695f766172737c613a313a7b733a373a2273756363657373223b733a333a226f6c64223b7d),
('pvbpq9jqema0s14kbdt7pfv6eqsg9jki', '::1', 1693719641, 0x5f5f63695f6c6173745f726567656e65726174657c693a313639333731393634313b5573657249447c733a313a2231223b557365727c733a31333a2241646d696e6973747261746f72223b6c6576656c7c733a353a2261646d696e223b666f746f7c733a31383a22666f746f313539363031373834372e706e67223b737563636573737c733a33383a22446174612070656e6a75616c616e20626572686173696c20646974616d6261686b616e2e2e2e223b5f5f63695f766172737c613a313a7b733a373a2273756363657373223b733a333a226f6c64223b7d),
('7tiqhbr6hv7c4kiarh8bc0erp6n95k7s', '::1', 1693720184, 0x5f5f63695f6c6173745f726567656e65726174657c693a313639333732303138343b5573657249447c733a313a2231223b557365727c733a31333a2241646d696e6973747261746f72223b6c6576656c7c733a353a2261646d696e223b666f746f7c733a31383a22666f746f313539363031373834372e706e67223b737563636573737c733a33383a22446174612070656e6a75616c616e20626572686173696c20646974616d6261686b616e2e2e2e223b5f5f63695f766172737c613a313a7b733a373a2273756363657373223b733a333a226f6c64223b7d),
('5kngdcj7ulstlnv3bnt9or7r0kv4e9hg', '::1', 1693720573, 0x5f5f63695f6c6173745f726567656e65726174657c693a313639333732303537333b5573657249447c733a313a2231223b557365727c733a31333a2241646d696e6973747261746f72223b6c6576656c7c733a353a2261646d696e223b666f746f7c733a31383a22666f746f313539363031373834372e706e67223b737563636573737c733a33383a22446174612070656e6a75616c616e20626572686173696c20646974616d6261686b616e2e2e2e223b5f5f63695f766172737c613a313a7b733a373a2273756363657373223b733a333a226f6c64223b7d),
('63975pinqn16efi1j9medj34dgh86546', '::1', 1693720902, 0x5f5f63695f6c6173745f726567656e65726174657c693a313639333732303930323b5573657249447c733a313a2231223b557365727c733a31333a2241646d696e6973747261746f72223b6c6576656c7c733a353a2261646d696e223b666f746f7c733a31383a22666f746f313539363031373834372e706e67223b737563636573737c733a33383a22446174612070656e6a75616c616e20626572686173696c20646974616d6261686b616e2e2e2e223b5f5f63695f766172737c613a313a7b733a373a2273756363657373223b733a333a226f6c64223b7d),
('njc2dh8ujthhod2843ehoc12emb0hrei', '::1', 1693721243, 0x5f5f63695f6c6173745f726567656e65726174657c693a313639333732313234333b5573657249447c733a313a2231223b557365727c733a31333a2241646d696e6973747261746f72223b6c6576656c7c733a353a2261646d696e223b666f746f7c733a31383a22666f746f313539363031373834372e706e67223b737563636573737c733a33383a22446174612070656e6a75616c616e20626572686173696c20646974616d6261686b616e2e2e2e223b5f5f63695f766172737c613a313a7b733a373a2273756363657373223b733a333a226f6c64223b7d),
('83c9i4co4plcr98thoamvo2cg41024k2', '::1', 1693721642, 0x5f5f63695f6c6173745f726567656e65726174657c693a313639333732313634323b5573657249447c733a313a2231223b557365727c733a31333a2241646d696e6973747261746f72223b6c6576656c7c733a353a2261646d696e223b666f746f7c733a31383a22666f746f313539363031373834372e706e67223b737563636573737c733a33383a22446174612070656e6a75616c616e20626572686173696c20646974616d6261686b616e2e2e2e223b5f5f63695f766172737c613a313a7b733a373a2273756363657373223b733a333a226f6c64223b7d),
('csu22os9d3l3j5vkg5ggafjlj19rk36f', '::1', 1693722406, 0x5f5f63695f6c6173745f726567656e65726174657c693a313639333732323430363b5573657249447c733a313a2231223b557365727c733a31333a2241646d696e6973747261746f72223b6c6576656c7c733a353a2261646d696e223b666f746f7c733a31383a22666f746f313539363031373834372e706e67223b737563636573737c733a33383a22446174612070656e6a75616c616e20626572686173696c20646974616d6261686b616e2e2e2e223b5f5f63695f766172737c613a313a7b733a373a2273756363657373223b733a333a226f6c64223b7d),
('lhghoggc4tv9f92ht7vcc7pnb7k0kgf0', '::1', 1693722737, 0x5f5f63695f6c6173745f726567656e65726174657c693a313639333732323733373b5573657249447c733a313a2231223b557365727c733a31333a2241646d696e6973747261746f72223b6c6576656c7c733a353a2261646d696e223b666f746f7c733a31383a22666f746f313539363031373834372e706e67223b737563636573737c733a33383a22446174612070656e6a75616c616e20626572686173696c20646974616d6261686b616e2e2e2e223b5f5f63695f766172737c613a313a7b733a373a2273756363657373223b733a333a226f6c64223b7d),
('gb87kqadpavl6uao0k5jog4e23vtcdp6', '::1', 1693723044, 0x5f5f63695f6c6173745f726567656e65726174657c693a313639333732333034343b5573657249447c733a313a2231223b557365727c733a31333a2241646d696e6973747261746f72223b6c6576656c7c733a353a2261646d696e223b666f746f7c733a31383a22666f746f313539363031373834372e706e67223b737563636573737c733a33383a22446174612070656e6a75616c616e20626572686173696c20646974616d6261686b616e2e2e2e223b5f5f63695f766172737c613a313a7b733a373a2273756363657373223b733a333a226f6c64223b7d),
('907l75qoekdtajim6kele88eukj5hb2h', '::1', 1693723346, 0x5f5f63695f6c6173745f726567656e65726174657c693a313639333732333334363b5573657249447c733a313a2231223b557365727c733a31333a2241646d696e6973747261746f72223b6c6576656c7c733a353a2261646d696e223b666f746f7c733a31383a22666f746f313539363031373834372e706e67223b737563636573737c733a33383a22446174612070656e6a75616c616e20626572686173696c20646974616d6261686b616e2e2e2e223b5f5f63695f766172737c613a313a7b733a373a2273756363657373223b733a333a226f6c64223b7d),
('jrmvsjlihtplap33r5mpll26u5nvtjuo', '::1', 1693723679, 0x5f5f63695f6c6173745f726567656e65726174657c693a313639333732333637393b5573657249447c733a313a2231223b557365727c733a31333a2241646d696e6973747261746f72223b6c6576656c7c733a353a2261646d696e223b666f746f7c733a31383a22666f746f313539363031373834372e706e67223b737563636573737c733a33383a22446174612070656e6a75616c616e20626572686173696c20646974616d6261686b616e2e2e2e223b5f5f63695f766172737c613a313a7b733a373a2273756363657373223b733a333a226f6c64223b7d),
('77hsuonbneb0g41d0smkphi7dnmdm8fd', '::1', 1693724081, 0x5f5f63695f6c6173745f726567656e65726174657c693a313639333732343038313b5573657249447c733a313a2231223b557365727c733a31333a2241646d696e6973747261746f72223b6c6576656c7c733a353a2261646d696e223b666f746f7c733a31383a22666f746f313539363031373834372e706e67223b737563636573737c733a33383a22446174612070656e6a75616c616e20626572686173696c20646974616d6261686b616e2e2e2e223b5f5f63695f766172737c613a313a7b733a373a2273756363657373223b733a333a226f6c64223b7d),
('4c03kb9dlchhfbp4o84h8vqnvk7fnog2', '::1', 1693724651, 0x5f5f63695f6c6173745f726567656e65726174657c693a313639333732343635313b5573657249447c733a313a2231223b557365727c733a31333a2241646d696e6973747261746f72223b6c6576656c7c733a353a2261646d696e223b666f746f7c733a31383a22666f746f313539363031373834372e706e67223b737563636573737c733a33383a22446174612070656e6a75616c616e20626572686173696c20646974616d6261686b616e2e2e2e223b5f5f63695f766172737c613a313a7b733a373a2273756363657373223b733a333a226f6c64223b7d),
('gov7h4jhk4620q4j4evae9nk0a45bga3', '::1', 1693724651, 0x5f5f63695f6c6173745f726567656e65726174657c693a313639333732343635313b5573657249447c733a313a2231223b557365727c733a31333a2241646d696e6973747261746f72223b6c6576656c7c733a353a2261646d696e223b666f746f7c733a31383a22666f746f313539363031373834372e706e67223b737563636573737c733a33383a22446174612070656e6a75616c616e20626572686173696c20646974616d6261686b616e2e2e2e223b5f5f63695f766172737c613a313a7b733a373a2273756363657373223b733a333a226f6c64223b7d),
('54h5sp6n48oo8rb7gk4g8h8ac65bkmnk', '::1', 1694247590, 0x5f5f63695f6c6173745f726567656e65726174657c693a313639343234373539303b5573657249447c733a313a2231223b557365727c733a31333a2241646d696e6973747261746f72223b6c6576656c7c733a353a2261646d696e223b666f746f7c733a31383a22666f746f313539363031373834372e706e67223b),
('2lmee9ej400ks1s3olf1oo4vn97d3b7o', '::1', 1694247926, 0x5f5f63695f6c6173745f726567656e65726174657c693a313639343234373932363b5573657249447c733a313a2231223b557365727c733a31333a2241646d696e6973747261746f72223b6c6576656c7c733a353a2261646d696e223b666f746f7c733a31383a22666f746f313539363031373834372e706e67223b737563636573737c733a33383a22446174612070656e6a75616c616e20626572686173696c20646974616d6261686b616e2e2e2e223b5f5f63695f766172737c613a313a7b733a373a2273756363657373223b733a333a226f6c64223b7d),
('gmkjhprgeqg7niitdumgmb0bm478mh25', '::1', 1694248280, 0x5f5f63695f6c6173745f726567656e65726174657c693a313639343234383238303b5573657249447c733a313a2231223b557365727c733a31333a2241646d696e6973747261746f72223b6c6576656c7c733a353a2261646d696e223b666f746f7c733a31383a22666f746f313539363031373834372e706e67223b737563636573737c733a33383a22446174612070656e6a75616c616e20626572686173696c20646974616d6261686b616e2e2e2e223b5f5f63695f766172737c613a313a7b733a373a2273756363657373223b733a333a226f6c64223b7d),
('meol7g5tg8671m5t5lne178dve3c1duc', '::1', 1694248914, 0x5f5f63695f6c6173745f726567656e65726174657c693a313639343234383931343b5573657249447c733a313a2231223b557365727c733a31333a2241646d696e6973747261746f72223b6c6576656c7c733a353a2261646d696e223b666f746f7c733a31383a22666f746f313539363031373834372e706e67223b737563636573737c733a33383a22446174612070656e6a75616c616e20626572686173696c20646974616d6261686b616e2e2e2e223b5f5f63695f766172737c613a313a7b733a373a2273756363657373223b733a333a226f6c64223b7d),
('h5e6sm5j8uei2gldhcjpnipmg121eh64', '::1', 1694249237, 0x5f5f63695f6c6173745f726567656e65726174657c693a313639343234393233373b5573657249447c733a313a2231223b557365727c733a31333a2241646d696e6973747261746f72223b6c6576656c7c733a353a2261646d696e223b666f746f7c733a31383a22666f746f313539363031373834372e706e67223b737563636573737c733a33383a22446174612070656e6a75616c616e20626572686173696c20646974616d6261686b616e2e2e2e223b5f5f63695f766172737c613a313a7b733a373a2273756363657373223b733a333a226f6c64223b7d636172745f636f6e74656e74737c613a333a7b733a31303a22636172745f746f74616c223b643a303b733a31313a22746f74616c5f6974656d73223b643a313b733a33323a223265393631643738656232313337636661306136623739656338613030313838223b613a363a7b733a323a226964223b733a353a224854303031223b733a333a22717479223b643a313b733a353a227072696365223b643a303b733a343a226e616d65223b733a31313a225345542048454354494e47223b733a353a22726f776964223b733a33323a223265393631643738656232313337636661306136623739656338613030313838223b733a383a22737562746f74616c223b643a303b7d7d),
('325oeb3gtqrtjtoil7erjcu01on7lo6i', '::1', 1694249860, 0x5f5f63695f6c6173745f726567656e65726174657c693a313639343234393836303b5573657249447c733a313a2231223b557365727c733a31333a2241646d696e6973747261746f72223b6c6576656c7c733a353a2261646d696e223b666f746f7c733a31383a22666f746f313539363031373834372e706e67223b737563636573737c733a33383a22446174612070656e6a75616c616e20626572686173696c20646974616d6261686b616e2e2e2e223b5f5f63695f766172737c613a313a7b733a373a2273756363657373223b733a333a226f6c64223b7d636172745f636f6e74656e74737c613a333a7b733a31303a22636172745f746f74616c223b643a303b733a31313a22746f74616c5f6974656d73223b643a313b733a33323a223265393631643738656232313337636661306136623739656338613030313838223b613a363a7b733a323a226964223b733a353a224854303031223b733a333a22717479223b643a313b733a353a227072696365223b643a303b733a343a226e616d65223b733a31313a225345542048454354494e47223b733a353a22726f776964223b733a33323a223265393631643738656232313337636661306136623739656338613030313838223b733a383a22737562746f74616c223b643a303b7d7d),
('bhk0te2aqu5sqvn116ok6lrgttttalkm', '::1', 1694250144, 0x5f5f63695f6c6173745f726567656e65726174657c693a313639343234393836303b5573657249447c733a313a2231223b557365727c733a31333a2241646d696e6973747261746f72223b6c6576656c7c733a353a2261646d696e223b666f746f7c733a31383a22666f746f313539363031373834372e706e67223b737563636573737c733a33383a22446174612070656e6a75616c616e20626572686173696c20646974616d6261686b616e2e2e2e223b5f5f63695f766172737c613a313a7b733a373a2273756363657373223b733a333a226f6c64223b7d636172745f636f6e74656e74737c613a333a7b733a31303a22636172745f746f74616c223b643a303b733a31313a22746f74616c5f6974656d73223b643a313b733a33323a223265393631643738656232313337636661306136623739656338613030313838223b613a363a7b733a323a226964223b733a353a224854303031223b733a333a22717479223b643a313b733a353a227072696365223b643a303b733a343a226e616d65223b733a31313a225345542048454354494e47223b733a353a22726f776964223b733a33323a223265393631643738656232313337636661306136623739656338613030313838223b733a383a22737562746f74616c223b643a303b7d7d),
('4n7k60o2fthblenk84j429l9ka0onddc', '::1', 1694485123, 0x5f5f63695f6c6173745f726567656e65726174657c693a313639343438353132333b),
('ouqhumc7shgmmj9h95bkifaga6eib8h8', '::1', 1694486011, 0x5f5f63695f6c6173745f726567656e65726174657c693a313639343438363031313b5573657249447c733a313a2232223b557365727c733a31393a2247687566726f6e2048696c6d616e2048756461223b6c6576656c7c733a373a2270656761776169223b666f746f7c733a31383a22666f746f313539363037313436392e706e67223b),
('5tr555b4v65r1vrplm2996k4uh550ond', '::1', 1694486484, 0x5f5f63695f6c6173745f726567656e65726174657c693a313639343438363438343b5573657249447c733a313a2231223b557365727c733a31333a2241646d696e6973747261746f72223b6c6576656c7c733a353a2261646d696e223b666f746f7c733a31383a22666f746f313539363031373834372e706e67223b),
('pq6p7ta8o3dknoasj2hcv3r3u3j81uu8', '::1', 1694486955, 0x5f5f63695f6c6173745f726567656e65726174657c693a313639343438363935353b5573657249447c733a313a2232223b557365727c733a31393a2247687566726f6e2048696c6d616e2048756461223b6c6576656c7c733a373a2270656761776169223b666f746f7c733a31383a22666f746f313539363037313436392e706e67223b),
('1sd89dj3krdpn045vr3evp86jhampvvb', '::1', 1694487603, 0x5f5f63695f6c6173745f726567656e65726174657c693a313639343438373630333b5573657249447c733a313a2232223b557365727c733a31393a2247687566726f6e2048696c6d616e2048756461223b6c6576656c7c733a373a2270656761776169223b666f746f7c733a31383a22666f746f313539363037313436392e706e67223b),
('unhkisrbaas6t0ujnajckqv340as7g3t', '::1', 1694487953, 0x5f5f63695f6c6173745f726567656e65726174657c693a313639343438373935333b5573657249447c733a313a2231223b557365727c733a31333a2241646d696e6973747261746f72223b6c6576656c7c733a353a2261646d696e223b666f746f7c733a31383a22666f746f313539363031373834372e706e67223b),
('vtumvirnn40i3me924dajlka22btbqmm', '::1', 1694488675, 0x5f5f63695f6c6173745f726567656e65726174657c693a313639343438383637353b5573657249447c733a313a2231223b557365727c733a31333a2241646d696e6973747261746f72223b6c6576656c7c733a353a2261646d696e223b666f746f7c733a31383a22666f746f313539363031373834372e706e67223b),
('6g9uu90jhnnsj2boq3rdcsfj8k6e45ob', '::1', 1694489012, 0x5f5f63695f6c6173745f726567656e65726174657c693a313639343438393031323b5573657249447c733a313a2231223b557365727c733a31333a2241646d696e6973747261746f72223b6c6576656c7c733a353a2261646d696e223b666f746f7c733a31383a22666f746f313539363031373834372e706e67223b),
('rcsjt6td55t4adr87vjo2udeftoeitgo', '::1', 1694489689, 0x5f5f63695f6c6173745f726567656e65726174657c693a313639343438393638393b5573657249447c733a313a2231223b557365727c733a31333a2241646d696e6973747261746f72223b6c6576656c7c733a353a2261646d696e223b666f746f7c733a31383a22666f746f313539363031373834372e706e67223b),
('40ep0sq9jeogmb20r0b2hv1e5bk1j18f', '::1', 1694490752, 0x5f5f63695f6c6173745f726567656e65726174657c693a313639343439303735323b5573657249447c733a313a2232223b557365727c733a31393a2247687566726f6e2048696c6d616e2048756461223b6c6576656c7c733a373a2270656761776169223b666f746f7c733a31383a22666f746f313539363037313436392e706e67223b),
('tlhoad5vdgdhiqsgjp1i5mp5vkb8afsl', '::1', 1694491075, 0x5f5f63695f6c6173745f726567656e65726174657c693a313639343439313037353b5573657249447c733a313a2232223b557365727c733a31393a2247687566726f6e2048696c6d616e2048756461223b6c6576656c7c733a373a2270656761776169223b666f746f7c733a31383a22666f746f313539363037313436392e706e67223b737563636573737c733a33383a22446174612070656e6a75616c616e20626572686173696c20646974616d6261686b616e2e2e2e223b5f5f63695f766172737c613a313a7b733a373a2273756363657373223b733a333a226f6c64223b7d),
('cafq0h163h7pc13e99v0i4ed1n767d75', '::1', 1694491489, 0x5f5f63695f6c6173745f726567656e65726174657c693a313639343439313438393b5573657249447c733a313a2232223b557365727c733a31393a2247687566726f6e2048696c6d616e2048756461223b6c6576656c7c733a373a2270656761776169223b666f746f7c733a31383a22666f746f313539363037313436392e706e67223b737563636573737c733a33383a22446174612070656e6a75616c616e20626572686173696c20646974616d6261686b616e2e2e2e223b5f5f63695f766172737c613a313a7b733a373a2273756363657373223b733a333a226f6c64223b7d636172745f636f6e74656e74737c613a333a7b733a31303a22636172745f746f74616c223b643a3230303b733a31313a22746f74616c5f6974656d73223b643a323b733a33323a223331613664616636663832323466613533623430363664383731346633613537223b613a363a7b733a323a226964223b733a353a2268666b6667223b733a333a22717479223b643a323b733a353a227072696365223b643a3130303b733a343a226e616d65223b733a373a2254524f4b415244223b733a353a22726f776964223b733a33323a223331613664616636663832323466613533623430363664383731346633613537223b733a383a22737562746f74616c223b643a3230303b7d7d),
('db3hoa5ic1p9n38vb1q6p2cpumnqpk0r', '::1', 1694491827, 0x5f5f63695f6c6173745f726567656e65726174657c693a313639343439313832373b5573657249447c733a313a2232223b557365727c733a31393a2247687566726f6e2048696c6d616e2048756461223b6c6576656c7c733a373a2270656761776169223b666f746f7c733a31383a22666f746f313539363037313436392e706e67223b737563636573737c733a33383a22446174612070656e6a75616c616e20626572686173696c20646974616d6261686b616e2e2e2e223b5f5f63695f766172737c613a313a7b733a373a2273756363657373223b733a333a226f6c64223b7d636172745f636f6e74656e74737c613a333a7b733a31303a22636172745f746f74616c223b643a3130303b733a31313a22746f74616c5f6974656d73223b643a313b733a33323a223265393631643738656232313337636661306136623739656338613030313838223b613a363a7b733a323a226964223b733a353a224854303031223b733a333a22717479223b643a313b733a353a227072696365223b643a3130303b733a343a226e616d65223b733a31313a225345542048454354494e47223b733a353a22726f776964223b733a33323a223265393631643738656232313337636661306136623739656338613030313838223b733a383a22737562746f74616c223b643a3130303b7d7d),
('5a29k932p3qo72qv2098bi8m5ug5tddl', '::1', 1694492179, 0x5f5f63695f6c6173745f726567656e65726174657c693a313639343439323137393b5573657249447c733a313a2232223b557365727c733a31393a2247687566726f6e2048696c6d616e2048756461223b6c6576656c7c733a373a2270656761776169223b666f746f7c733a31383a22666f746f313539363037313436392e706e67223b737563636573737c733a33383a22446174612070656e6a75616c616e20626572686173696c20646974616d6261686b616e2e2e2e223b5f5f63695f766172737c613a313a7b733a373a2273756363657373223b733a333a226f6c64223b7d636172745f636f6e74656e74737c613a343a7b733a31303a22636172745f746f74616c223b643a3230303b733a31313a22746f74616c5f6974656d73223b643a323b733a33323a223265393631643738656232313337636661306136623739656338613030313838223b613a363a7b733a323a226964223b733a353a224854303031223b733a333a22717479223b643a313b733a353a227072696365223b643a3130303b733a343a226e616d65223b733a31313a225345542048454354494e47223b733a353a22726f776964223b733a33323a223265393631643738656232313337636661306136623739656338613030313838223b733a383a22737562746f74616c223b643a3130303b7d733a33323a223331613664616636663832323466613533623430363664383731346633613537223b613a363a7b733a323a226964223b733a353a2268666b6667223b733a333a22717479223b643a313b733a353a227072696365223b643a3130303b733a343a226e616d65223b733a373a2254524f4b415244223b733a353a22726f776964223b733a33323a223331613664616636663832323466613533623430363664383731346633613537223b733a383a22737562746f74616c223b643a3130303b7d7d),
('46vr6f3q0hrsm8mji5jbcfu1omogrt6n', '::1', 1694492578, 0x5f5f63695f6c6173745f726567656e65726174657c693a313639343439323537383b5573657249447c733a313a2232223b557365727c733a31393a2247687566726f6e2048696c6d616e2048756461223b6c6576656c7c733a373a2270656761776169223b666f746f7c733a31383a22666f746f313539363037313436392e706e67223b737563636573737c733a33383a22446174612070656e6a75616c616e20626572686173696c20646974616d6261686b616e2e2e2e223b5f5f63695f766172737c613a313a7b733a373a2273756363657373223b733a333a226f6c64223b7d636172745f636f6e74656e74737c613a343a7b733a31303a22636172745f746f74616c223b643a3230303b733a31313a22746f74616c5f6974656d73223b643a323b733a33323a223265393631643738656232313337636661306136623739656338613030313838223b613a363a7b733a323a226964223b733a353a224854303031223b733a333a22717479223b643a313b733a353a227072696365223b643a3130303b733a343a226e616d65223b733a31313a225345542048454354494e47223b733a353a22726f776964223b733a33323a223265393631643738656232313337636661306136623739656338613030313838223b733a383a22737562746f74616c223b643a3130303b7d733a33323a223331613664616636663832323466613533623430363664383731346633613537223b613a363a7b733a323a226964223b733a353a2268666b6667223b733a333a22717479223b643a313b733a353a227072696365223b643a3130303b733a343a226e616d65223b733a373a2254524f4b415244223b733a353a22726f776964223b733a33323a223331613664616636663832323466613533623430363664383731346633613537223b733a383a22737562746f74616c223b643a3130303b7d7d),
('2iuv2bahqdvkumu3071ugtvusumu6odb', '::1', 1694493625, 0x5f5f63695f6c6173745f726567656e65726174657c693a313639343439333632353b5573657249447c733a313a2232223b557365727c733a31393a2247687566726f6e2048696c6d616e2048756461223b6c6576656c7c733a373a2270656761776169223b666f746f7c733a31383a22666f746f313539363037313436392e706e67223b),
('j01mm1nui9ghiik73eeb2ek3cl3gajgv', '::1', 1694493972, 0x5f5f63695f6c6173745f726567656e65726174657c693a313639343439333937323b5573657249447c733a313a2232223b557365727c733a31393a2247687566726f6e2048696c6d616e2048756461223b6c6576656c7c733a373a2270656761776169223b666f746f7c733a31383a22666f746f313539363037313436392e706e67223b),
('rb61dkp3467pcrcs78iecesin96q560v', '::1', 1694495320, 0x5f5f63695f6c6173745f726567656e65726174657c693a313639343439353332303b5573657249447c733a313a2232223b557365727c733a31393a2247687566726f6e2048696c6d616e2048756461223b6c6576656c7c733a373a2270656761776169223b666f746f7c733a31383a22666f746f313539363037313436392e706e67223b),
('4sjg4fadgljvhoj4a4gv3492vpd490b6', '::1', 1694495321, 0x5f5f63695f6c6173745f726567656e65726174657c693a313639343439353332303b5573657249447c733a313a2232223b557365727c733a31393a2247687566726f6e2048696c6d616e2048756461223b6c6576656c7c733a373a2270656761776169223b666f746f7c733a31383a22666f746f313539363037313436392e706e67223b),
('6bhheg2ns932omf931rvnc6faakdpfqb', '::1', 1697507575, 0x5f5f63695f6c6173745f726567656e65726174657c693a313639373530373537353b5573657249447c733a313a2231223b557365727c733a31333a2241646d696e6973747261746f72223b6c6576656c7c733a353a2261646d696e223b666f746f7c733a31383a22666f746f313539363031373834372e706e67223b),
('jld5d5ksgc0i08k9ffq5sipueg3rms9f', '::1', 1697508051, 0x5f5f63695f6c6173745f726567656e65726174657c693a313639373530383035313b5573657249447c733a313a2231223b557365727c733a31333a2241646d696e6973747261746f72223b6c6576656c7c733a353a2261646d696e223b666f746f7c733a31383a22666f746f313539363031373834372e706e67223b),
('3l1sot1mqmd10e6kj0tmt1fb4obm0bin', '::1', 1697512119, 0x5f5f63695f6c6173745f726567656e65726174657c693a313639373531323131393b5573657249447c733a313a2231223b557365727c733a31333a2241646d696e6973747261746f72223b6c6576656c7c733a353a2261646d696e223b666f746f7c733a31383a22666f746f313539363031373834372e706e67223b),
('59dfo3t435tmqju6rcms04m1uj6um5qo', '::1', 1697514183, 0x5f5f63695f6c6173745f726567656e65726174657c693a313639373531343138333b5573657249447c733a313a2231223b557365727c733a31333a2241646d696e6973747261746f72223b6c6576656c7c733a353a2261646d696e223b666f746f7c733a31383a22666f746f313539363031373834372e706e67223b),
('0n68ug3ep2q4abtvtvj6tefhd6oogus0', '::1', 1697514362, 0x5f5f63695f6c6173745f726567656e65726174657c693a313639373531343336303b),
('0na5c7efiart06606h23gq18ehe0dbko', '::1', 1697514731, 0x5f5f63695f6c6173745f726567656e65726174657c693a313639373531343733313b5573657249447c733a313a2231223b557365727c733a31333a2241646d696e6973747261746f72223b6c6576656c7c733a353a2261646d696e223b666f746f7c733a31383a22666f746f313539363031373834372e706e67223b),
('8ff119000aqah7paigvi8mu4apg6k1g4', '::1', 1697515517, 0x5f5f63695f6c6173745f726567656e65726174657c693a313639373531353531373b5573657249447c733a313a2232223b557365727c733a31393a2247687566726f6e2048696c6d616e2048756461223b6c6576656c7c733a373a2270656761776169223b666f746f7c733a31383a22666f746f313539363037313436392e706e67223b),
('bua8hfnerjbssomt8916l7b3stu1mka6', '::1', 1697515730, 0x5f5f63695f6c6173745f726567656e65726174657c693a313639373531353733303b),
('d61pmfm1bfevaoc06cfvjmolma1eed37', '::1', 1697515730, 0x5f5f63695f6c6173745f726567656e65726174657c693a313639373531353733303b),
('4c6e193mt6dvovsp0jv2534ba2er8lk2', '::1', 1697516035, 0x5f5f63695f6c6173745f726567656e65726174657c693a313639373531363033353b5573657249447c733a313a2231223b557365727c733a31333a2241646d696e6973747261746f72223b6c6576656c7c733a353a2261646d696e223b666f746f7c733a31383a22666f746f313539363031373834372e706e67223b),
('eb717uvmo3nlkicsk389pi1tccrvh19v', '::1', 1697516338, 0x5f5f63695f6c6173745f726567656e65726174657c693a313639373531363333383b5573657249447c733a313a2232223b557365727c733a31393a2247687566726f6e2048696c6d616e2048756461223b6c6576656c7c733a373a2270656761776169223b666f746f7c733a31383a22666f746f313539363037313436392e706e67223b),
('64e0cp8u8mbkc23pl5ekk0575237e09n', '::1', 1697523694, 0x5f5f63695f6c6173745f726567656e65726174657c693a313639373532333639343b5573657249447c733a313a2231223b557365727c733a31333a2241646d696e6973747261746f72223b6c6576656c7c733a353a2261646d696e223b666f746f7c733a31383a22666f746f313539363031373834372e706e67223b),
('qfmufdbqmev3f2hns02odmafe87bjir5', '::1', 1697523710, 0x5f5f63695f6c6173745f726567656e65726174657c693a313639373532333639353b5573657249447c733a313a2232223b557365727c733a31393a2247687566726f6e2048696c6d616e2048756461223b6c6576656c7c733a373a2270656761776169223b666f746f7c733a31383a22666f746f313539363037313436392e706e67223b),
('vc4ip9ahlbj6ktup3k1rh3k45p5oq7tn', '::1', 1697579213, 0x5f5f63695f6c6173745f726567656e65726174657c693a313639373537393231333b616c6572747c733a34313a224d6161662c2050617373776f72642079616e6720616e6461206d6173756b6b616e2073616c61682e2e223b5f5f63695f766172737c613a313a7b733a353a22616c657274223b733a333a226f6c64223b7d5573657249447c733a313a2232223b557365727c733a31393a2247687566726f6e2048696c6d616e2048756461223b6c6576656c7c733a373a2270656761776169223b666f746f7c733a31383a22666f746f313539363037313436392e706e67223b),
('8jc5coj4qfbfgfs6jm8u7g621vlnvjkn', '::1', 1697579732, 0x5f5f63695f6c6173745f726567656e65726174657c693a313639373537393733323b5573657249447c733a313a2231223b557365727c733a31333a2241646d696e6973747261746f72223b6c6576656c7c733a353a2261646d696e223b666f746f7c733a31383a22666f746f313539363031373834372e706e67223b),
('dvbvd8gl1uabe67e9tp67l6f4i1vhfu1', '::1', 1697580066, 0x5f5f63695f6c6173745f726567656e65726174657c693a313639373538303036363b5573657249447c733a313a2231223b557365727c733a31333a2241646d696e6973747261746f72223b6c6576656c7c733a353a2261646d696e223b666f746f7c733a31383a22666f746f313539363031373834372e706e67223b),
('2gi5anehgudfjfa9niku50jijpa9lvpo', '::1', 1697581005, 0x5f5f63695f6c6173745f726567656e65726174657c693a313639373538313030353b5573657249447c733a313a2231223b557365727c733a31333a2241646d696e6973747261746f72223b6c6576656c7c733a353a2261646d696e223b666f746f7c733a31383a22666f746f313539363031373834372e706e67223b),
('37i1mqnmkk71d51va8drfdussmdtppkg', '::1', 1697581005, 0x5f5f63695f6c6173745f726567656e65726174657c693a313639373538313030353b5573657249447c733a313a2231223b557365727c733a31333a2241646d696e6973747261746f72223b6c6576656c7c733a353a2261646d696e223b666f746f7c733a31383a22666f746f313539363031373834372e706e67223b),
('6756tt14muv278dlbgq3vbqsgak7i9ht', '::1', 1697595698, 0x5f5f63695f6c6173745f726567656e65726174657c693a313639373539353639363b),
('s6ljhl3gumpq3b2anrm78haenaum31kr', '::1', 1697624446, 0x5f5f63695f6c6173745f726567656e65726174657c693a313639373632343434363b5573657249447c733a313a2231223b557365727c733a31333a2241646d696e6973747261746f72223b6c6576656c7c733a353a2261646d696e223b666f746f7c733a31383a22666f746f313539363031373834372e706e67223b),
('bavddi6jb0gehr8n41aaan4vqdh9bqun', '::1', 1697624448, 0x5f5f63695f6c6173745f726567656e65726174657c693a313639373632343434363b5573657249447c733a313a2231223b557365727c733a31333a2241646d696e6973747261746f72223b6c6576656c7c733a353a2261646d696e223b666f746f7c733a31383a22666f746f313539363031373834372e706e67223b),
('bbg2ovs5j29mkd5rluudj57v2iealmfb', '::1', 1697624731, 0x5f5f63695f6c6173745f726567656e65726174657c693a313639373632343733313b),
('ho4flqvgquvltnl88rr35i96nqahica5', '::1', 1697624978, 0x5f5f63695f6c6173745f726567656e65726174657c693a313639373632343932373b5573657249447c733a313a2231223b557365727c733a31333a2241646d696e6973747261746f72223b6c6576656c7c733a353a2261646d696e223b666f746f7c733a31383a22666f746f313539363031373834372e706e67223b),
('6khgb6u4mdpfga51j0t4rmnbj1ei79p6', '::1', 1697636903, 0x5f5f63695f6c6173745f726567656e65726174657c693a313639373633363930333b5573657249447c733a313a2231223b557365727c733a31333a2241646d696e6973747261746f72223b6c6576656c7c733a353a2261646d696e223b666f746f7c733a31383a22666f746f313539363031373834372e706e67223b),
('kpvggdt3nhb71e2urcb7knnu9l33rtdn', '::1', 1697637385, 0x5f5f63695f6c6173745f726567656e65726174657c693a313639373633373338353b5573657249447c733a313a2231223b557365727c733a31333a2241646d696e6973747261746f72223b6c6576656c7c733a353a2261646d696e223b666f746f7c733a31383a22666f746f313539363031373834372e706e67223b),
('75lnjuvep3k3hna9glqgn10q60kmrn4k', '::1', 1697638019, 0x5f5f63695f6c6173745f726567656e65726174657c693a313639373633383031393b5573657249447c733a313a2231223b557365727c733a31333a2241646d696e6973747261746f72223b6c6576656c7c733a353a2261646d696e223b666f746f7c733a31383a22666f746f313539363031373834372e706e67223b),
('qqb28p5g8g2tus437rv0s46g9os34l3q', '::1', 1697638325, 0x5f5f63695f6c6173745f726567656e65726174657c693a313639373633383132303b5573657249447c733a313a2231223b557365727c733a31333a2241646d696e6973747261746f72223b6c6576656c7c733a353a2261646d696e223b666f746f7c733a31383a22666f746f313539363031373834372e706e67223b),
('1sajfih0hfrv5m316rl0aetei451qqdc', '::1', 1697671049, 0x5f5f63695f6c6173745f726567656e65726174657c693a313639373637313034393b5573657249447c733a313a2232223b557365727c733a31393a2247687566726f6e2048696c6d616e2048756461223b6c6576656c7c733a373a2270656761776169223b666f746f7c733a31383a22666f746f313539363037313436392e706e67223b737563636573737c733a33383a22446174612070656e6a75616c616e20626572686173696c20646974616d6261686b616e2e2e2e223b5f5f63695f766172737c613a313a7b733a373a2273756363657373223b733a333a226f6c64223b7d),
('lmbo0u4ahlm39aqa0vdvca285mh3fnm5', '::1', 1697671270, 0x5f5f63695f6c6173745f726567656e65726174657c693a313639373637313131313b5573657249447c733a313a2231223b557365727c733a31333a2241646d696e6973747261746f72223b6c6576656c7c733a353a2261646d696e223b666f746f7c733a31383a22666f746f313539363031373834372e706e67223b),
('3m99h0n1vthujfflsn7pec58rlndfo97', '::1', 1697856629, 0x5f5f63695f6c6173745f726567656e65726174657c693a313639373835363437303b5573657249447c733a313a2231223b557365727c733a31333a2241646d696e6973747261746f72223b6c6576656c7c733a353a2261646d696e223b666f746f7c733a31383a22666f746f313539363031373834372e706e67223b),
('71cfvueum9euqb4dsk404rjvh2uugsqd', '::1', 1697929623, 0x5f5f63695f6c6173745f726567656e65726174657c693a313639373932393632333b5573657249447c733a313a2231223b557365727c733a31333a2241646d696e6973747261746f72223b6c6576656c7c733a353a2261646d696e223b666f746f7c733a31383a22666f746f313539363031373834372e706e67223b),
('rcelp2n4cftcvfl95kn5a9uj9u1raoar', '::1', 1697930448, 0x5f5f63695f6c6173745f726567656e65726174657c693a313639373933303434383b5573657249447c733a313a2232223b557365727c733a31393a2247687566726f6e2048696c6d616e2048756461223b6c6576656c7c733a373a2270656761776169223b666f746f7c733a31383a22666f746f313539363037313436392e706e67223b),
('po325e4etes71m8i1a12ifme6k1mcf0i', '::1', 1697930789, 0x5f5f63695f6c6173745f726567656e65726174657c693a313639373933303738393b5573657249447c733a313a2232223b557365727c733a31393a2247687566726f6e2048696c6d616e2048756461223b6c6576656c7c733a373a2270656761776169223b666f746f7c733a31383a22666f746f313539363037313436392e706e67223b),
('sqnlk8ltk729hore6t4fap3ctbu7copj', '::1', 1697931256, 0x5f5f63695f6c6173745f726567656e65726174657c693a313639373933313235363b5573657249447c733a313a2232223b557365727c733a31393a2247687566726f6e2048696c6d616e2048756461223b6c6576656c7c733a373a2270656761776169223b666f746f7c733a31383a22666f746f313539363037313436392e706e67223b),
('fbjeff902s4nuehal4g1e9jokoakquoq', '::1', 1697931411, 0x5f5f63695f6c6173745f726567656e65726174657c693a313639373933313334313b5573657249447c733a313a2232223b557365727c733a31393a2247687566726f6e2048696c6d616e2048756461223b6c6576656c7c733a373a2270656761776169223b666f746f7c733a31383a22666f746f313539363037313436392e706e67223b),
('l0h217g3kubnnt24rsacf2ug7e5091ib', '::1', 1698016350, 0x5f5f63695f6c6173745f726567656e65726174657c693a313639383031363335303b5573657249447c733a313a2231223b557365727c733a31333a2241646d696e6973747261746f72223b6c6576656c7c733a353a2261646d696e223b666f746f7c733a31383a22666f746f313539363031373834372e706e67223b),
('v164gankfjcglfa38ee7ai83pk4vr2np', '::1', 1698016557, 0x5f5f63695f6c6173745f726567656e65726174657c693a313639383031363339313b616c6572747c733a34313a224d6161662c2050617373776f72642079616e6720616e6461206d6173756b6b616e2073616c61682e2e223b5f5f63695f766172737c613a323a7b733a353a22616c657274223b733a333a226f6c64223b733a373a2273756363657373223b733a333a226f6c64223b7d5573657249447c733a313a2232223b557365727c733a31393a2247687566726f6e2048696c6d616e2048756461223b6c6576656c7c733a373a2270656761776169223b666f746f7c733a31383a22666f746f313539363037313436392e706e67223b737563636573737c733a33383a22446174612070656d62656c69616e20626572686173696c20646974616d6261686b616e2e2e2e223b),
('l8idf8gfart2r8ebrmmucq7vvcflee9u', '::1', 1698052572, 0x5f5f63695f6c6173745f726567656e65726174657c693a313639383035323537323b),
('2hkob1um7en28g9gesrabm2k5a4jqfh4', '::1', 1698052574, 0x5f5f63695f6c6173745f726567656e65726174657c693a313639383035323537323b5573657249447c733a313a2231223b557365727c733a31333a2241646d696e6973747261746f72223b6c6576656c7c733a353a2261646d696e223b666f746f7c733a31383a22666f746f313539363031373834372e706e67223b),
('i5tmrmp99k8g443fglert4q0rsafe5j3', '::1', 1698730733, 0x5f5f63695f6c6173745f726567656e65726174657c693a313639383733303733333b5573657249447c733a313a2231223b557365727c733a31333a2241646d696e6973747261746f72223b6c6576656c7c733a353a2261646d696e223b666f746f7c733a31383a22666f746f313539363031373834372e706e67223b),
('jhl2nthgctfrgic8udou2ivb9sgqa4q0', '::1', 1698728225, 0x5f5f63695f6c6173745f726567656e65726174657c693a313639383732383232343b),
('0uu5qglo8p5b4dfldcead0mkp3bmvokt', '::1', 1698728225, 0x5f5f63695f6c6173745f726567656e65726174657c693a313639383732383232343b),
('kkovvebtm1ku28rlj531q351l8m8ao41', '::1', 1698730775, 0x5f5f63695f6c6173745f726567656e65726174657c693a313639383733303733383b5573657249447c733a313a2231223b557365727c733a31333a2241646d696e6973747261746f72223b6c6576656c7c733a353a2261646d696e223b666f746f7c733a31383a22666f746f313539363031373834372e706e67223b);

-- --------------------------------------------------------

--
-- Struktur dari tabel `tbl_barang`
--

CREATE TABLE `tbl_barang` (
  `kode_barang` varchar(6) NOT NULL,
  `nama_barang` varchar(255) NOT NULL,
  `brand` varchar(255) NOT NULL,
  `stok` int(11) NOT NULL DEFAULT 0,
  `harga` double NOT NULL,
  `active` enum('Y','N') NOT NULL DEFAULT 'Y'
) ENGINE=InnoDB DEFAULT CHARSET=utf8mb4 COLLATE=utf8mb4_general_ci;

--
-- Dumping data untuk tabel `tbl_barang`
--

INSERT INTO `tbl_barang` (`kode_barang`, `nama_barang`, `brand`, `stok`, `harga`, `active`) VALUES
('hfkfg', 'TROKARD', 'LEBINGER', 0, 0, 'Y'),
('HT001', 'SET HECTING', 'MIX', 18, 0, 'Y'),
('INT01', 'SET INTUBASI', 'AESCULAP', 4, 0, 'Y'),
('MNR01', 'SET MINOR ', 'MIX', 0, 0, 'Y'),
('RL001', 'SET RL', 'MIX', 0, 0, 'Y'),
('shjdi', 'TROKARD', 'LEBINGER', 0, 0, 'Y'),
('WSD01', 'SET WSD', 'MIX', 0, 0, 'Y');

-- --------------------------------------------------------

--
-- Struktur dari tabel `tbl_detail_pembelian`
--

CREATE TABLE `tbl_detail_pembelian` (
  `id_pembelian` varchar(20) NOT NULL,
  `id_barang` varchar(6) NOT NULL,
  `qty` smallint(6) NOT NULL,
  `harga` double NOT NULL
) ENGINE=InnoDB DEFAULT CHARSET=utf8mb4 COLLATE=utf8mb4_general_ci;

--
-- Dumping data untuk tabel `tbl_detail_pembelian`
--

INSERT INTO `tbl_detail_pembelian` (`id_pembelian`, `id_barang`, `qty`, `harga`) VALUES
('ID1693408722', 'RL001', 31, 100000),
('ID1693569921', 'HT001', 6, 600),
('ID1693577265', 'RL001', 4, 100),
('ID1693577265', 'INT01', 3, 600),
('ID1693577265', 'HT001', 8, 600),
('ID1693577340', 'INT01', 2, 800),
('ID1697929798', 'HT001', 5, 100),
('ID1698016502', 'HT001', 6, 100);

--
-- Trigger `tbl_detail_pembelian`
--
DELIMITER $$
CREATE TRIGGER `pembelian_barang` AFTER INSERT ON `tbl_detail_pembelian` FOR EACH ROW BEGIN
	UPDATE tbl_barang b SET b.stok = b.stok + new.qty
    WHERE b.kode_barang = new.id_barang;
END
$$
DELIMITER ;
DELIMITER $$
CREATE TRIGGER `update_pembelian` AFTER DELETE ON `tbl_detail_pembelian` FOR EACH ROW BEGIN
	UPDATE tbl_barang b SET b.stok = b.stok - old.qty
    WHERE b.kode_barang = old.id_barang;
END
$$
DELIMITER ;

-- --------------------------------------------------------

--
-- Struktur dari tabel `tbl_detail_penjualan`
--

CREATE TABLE `tbl_detail_penjualan` (
  `id_penjualan` varchar(20) NOT NULL,
  `id_barang` varchar(6) NOT NULL,
  `qty` smallint(6) NOT NULL,
  `harga` double NOT NULL
) ENGINE=InnoDB DEFAULT CHARSET=utf8mb4 COLLATE=utf8mb4_general_ci;

--
-- Dumping data untuk tabel `tbl_detail_penjualan`
--

INSERT INTO `tbl_detail_penjualan` (`id_penjualan`, `id_barang`, `qty`, `harga`) VALUES
('ID1692886899', 'HJKKL', 80, 800),
('ID1692937476', 'grrgr', 6, 900),
('ID1692947743', 'BD111R', 30, 100),
('ID1692954626', 'BH614R', 3, 100),
('ID1692963511', 'BH614R', 7, 100),
('ID1693045996', 'BH614R', 5, 100),
('ID1693141443', '11111', 2, 24000),
('ID1693392958', '22222', 2, 800),
('ID1693569866', 'RL001', 2, 0),
('ID1693621056', 'RL001', 2, 0),
('ID1693621188', 'RL001', 3, 0),
('ID1693621391', 'RL001', 2, 0),
('ID1693621607', 'RL001', 2, 0),
('ID1693621779', 'RL001', 2, 0),
('ID1693624709', 'RL001', 2, 0),
('ID1693624979', 'RL001', 2, 0),
('ID1693625646', 'RL001', 1, 0),
('ID1693626616', 'RL001', 1, 0),
('ID1693627832', 'RL001', 1, 0),
('ID1693661360', 'RL001', 1, 0),
('ID1693662140', 'RL001', 1, 0),
('ID1693662802', 'RL001', 1, 0),
('ID1693663493', 'RL001', 1, 0),
('ID1693671451', 'RL001', 1, 0),
('ID1693672381', 'RL001', 1, 0),
('ID1693672689', 'RL001', 1, 0),
('ID1693718865', 'RL001', 1, 0),
('ID1693720610', 'RL001', 1, 0),
('ID1693720678', 'RL001', 1, 0),
('ID1693720780', 'RL001', 1, 0),
('ID1693720934', 'RL001', 1, 0),
('ID1693720934', 'HT001', 1, 0),
('ID1693721149', 'HT001', 1, 0),
('ID1693721659', 'HT001', 1, 0),
('ID1693721763', 'HT001', 1, 0),
('ID1693721910', 'HT001', 1, 0),
('ID1694247829', 'RL001', 1, 0),
('ID1694247948', 'RL001', 1, 0),
('ID1694248938', 'RL001', 1, 0),
('ID1694249018', 'HT001', 1, 0),
('ID1694491045', 'HT001', 1, 0),
('ID1697670705', 'INT01', 1, 0);

--
-- Trigger `tbl_detail_penjualan`
--
DELIMITER $$
CREATE TRIGGER `penjualan_barang` AFTER INSERT ON `tbl_detail_penjualan` FOR EACH ROW BEGIN
	UPDATE tbl_barang b SET b.stok = b.stok - new.qty
    WHERE b.kode_barang = new.id_barang;
END
$$
DELIMITER ;
DELIMITER $$
CREATE TRIGGER `update_penjualan` AFTER DELETE ON `tbl_detail_penjualan` FOR EACH ROW BEGIN
	UPDATE tbl_barang b SET b.stok = b.stok + old.qty
    WHERE b.kode_barang = old.id_barang;
END
$$
DELIMITER ;

-- --------------------------------------------------------

--
-- Struktur dari tabel `tbl_pembelian`
--

CREATE TABLE `tbl_pembelian` (
  `id_pembelian` varchar(20) NOT NULL,
  `tgl_pembelian` datetime NOT NULL,
  `id_supplier` varchar(15) NOT NULL,
  `id_user` int(11) NOT NULL
) ENGINE=InnoDB DEFAULT CHARSET=utf8mb4 COLLATE=utf8mb4_general_ci;

--
-- Dumping data untuk tabel `tbl_pembelian`
--

INSERT INTO `tbl_pembelian` (`id_pembelian`, `tgl_pembelian`, `id_supplier`, `id_user`) VALUES
('ID1697929798', '2023-10-22 00:00:00', 'ID1595997179', 2),
('ID1698016502', '2023-10-23 00:00:00', 'ID1595997179', 2);

-- --------------------------------------------------------

--
-- Struktur dari tabel `tbl_penjualan`
--

CREATE TABLE `tbl_penjualan` (
  `id_penjualan` varchar(20) NOT NULL,
  `nama_pembeli` varchar(30) NOT NULL,
  `tgl_penjualan` datetime DEFAULT NULL,
  `id_user` int(11) NOT NULL
) ENGINE=InnoDB DEFAULT CHARSET=utf8mb4 COLLATE=utf8mb4_general_ci;

--
-- Dumping data untuk tabel `tbl_penjualan`
--

INSERT INTO `tbl_penjualan` (`id_penjualan`, `nama_pembeli`, `tgl_penjualan`, `id_user`) VALUES
('ID1697670705', 'MAWAR', '2023-10-19 00:00:00', 2);

-- --------------------------------------------------------

--
-- Struktur dari tabel `tbl_supplier`
--

CREATE TABLE `tbl_supplier` (
  `id_supplier` varchar(15) NOT NULL,
  `nama_supplier` varchar(255) NOT NULL,
  `alamat` varchar(255) NOT NULL,
  `telp` varchar(20) NOT NULL
) ENGINE=InnoDB DEFAULT CHARSET=utf8mb4 COLLATE=utf8mb4_general_ci;

--
-- Dumping data untuk tabel `tbl_supplier`
--

INSERT INTO `tbl_supplier` (`id_supplier`, `nama_supplier`, `alamat`, `telp`) VALUES
('ID1595997179', 'RUANG MAWAR', 'RSP JEMBER', '085731109556'),
('ID1595998788', 'RUANG NICU', 'RSP JEMBER', '08392193833'),
('ID1692889070', 'RS PARU JEMBER', 'JL NUSA INDAH NO 24', '097987666589');

-- --------------------------------------------------------

--
-- Struktur dari tabel `tbl_user`
--

CREATE TABLE `tbl_user` (
  `id_user` int(11) NOT NULL,
  `username` varchar(30) NOT NULL,
  `fullname` varchar(50) NOT NULL,
  `password` varchar(255) NOT NULL,
  `alamat` varchar(255) NOT NULL,
  `hp` varchar(20) NOT NULL,
  `foto` varchar(50) NOT NULL DEFAULT 'default.jpg',
  `level` enum('admin','pegawai') NOT NULL,
  `active` enum('Y','N') NOT NULL DEFAULT 'Y',
  `last_login` datetime DEFAULT NULL
) ENGINE=InnoDB DEFAULT CHARSET=utf8mb4 COLLATE=utf8mb4_general_ci;

--
-- Dumping data untuk tabel `tbl_user`
--

INSERT INTO `tbl_user` (`id_user`, `username`, `fullname`, `password`, `alamat`, `hp`, `foto`, `level`, `active`, `last_login`) VALUES
(1, 'admin', 'Administrator', '$2y$08$BO41OJFfhPPPzjKdWw2I6OyUElK1mkD43UVt1ss6J1xrVUExC1lRy', '', '', 'foto1596017847.png', 'admin', 'Y', '2023-10-31 12:38:55'),
(2, 'Hilman', 'Ghufron Hilman Huda', '$2y$10$7DnuNRWHoXuTcefOZKgUCOvRGhPJMYMwvF0CgAZZeS9Lh1TDnO1Xa', 'Dusun Krajan RT 3 RW 2 Desa agon Kec.puger', '081357772078', 'foto1596071469.png', 'pegawai', 'Y', '2023-10-22 06:35:40'),
(6, 'user2', 'Pegawai Kedua', '$2y$10$swIMV3E0b6nRrDXnyBgjO.tN7vMLNmYf6Zm76CG.TO7WH9sZU5LTm', 'Jl. Nanas No. 24, Pace - Nganjuk', '085731109355', 'foto1595054714.png', 'pegawai', 'Y', '2020-07-22 07:59:43');

--
-- Indexes for dumped tables
--

--
-- Indeks untuk tabel `ci_sessions`
--
ALTER TABLE `ci_sessions`
  ADD KEY `ci_sessions_timestamp` (`timestamp`);

--
-- Indeks untuk tabel `tbl_barang`
--
ALTER TABLE `tbl_barang`
  ADD PRIMARY KEY (`kode_barang`);

--
-- Indeks untuk tabel `tbl_pembelian`
--
ALTER TABLE `tbl_pembelian`
  ADD PRIMARY KEY (`id_pembelian`);

--
-- Indeks untuk tabel `tbl_penjualan`
--
ALTER TABLE `tbl_penjualan`
  ADD PRIMARY KEY (`id_penjualan`);

--
-- Indeks untuk tabel `tbl_supplier`
--
ALTER TABLE `tbl_supplier`
  ADD PRIMARY KEY (`id_supplier`);

--
-- Indeks untuk tabel `tbl_user`
--
ALTER TABLE `tbl_user`
  ADD PRIMARY KEY (`id_user`),
  ADD UNIQUE KEY `username` (`username`);

--
-- AUTO_INCREMENT untuk tabel yang dibuang
--

--
-- AUTO_INCREMENT untuk tabel `tbl_user`
--
ALTER TABLE `tbl_user`
  MODIFY `id_user` int(11) NOT NULL AUTO_INCREMENT, AUTO_INCREMENT=7;
COMMIT;

/*!40101 SET CHARACTER_SET_CLIENT=@OLD_CHARACTER_SET_CLIENT */;
/*!40101 SET CHARACTER_SET_RESULTS=@OLD_CHARACTER_SET_RESULTS */;
/*!40101 SET COLLATION_CONNECTION=@OLD_COLLATION_CONNECTION */;
